dataset,file,samples,unique_labels,num_probes,probe_len_mean,probe_len_p50,probe_len_p95
mosquito,cxthand1sep2021no1.csv,84762,6,5,11440.6,8421.0,21657.999999999996
mosquito,cxthand1sep2021no7.csv,98686,7,2,40300.5,40300.5,51721.95
mosquito,cxthand30aug2021no11.csv,57892,7,1,48782.0,48782.0,48782.0
mosquito,cxthand30aug2021no12.csv,114745,6,1,109590.0,109590.0,109590.0
mosquito,cxthand30aug2021no2.csv,39867,6,1,33683.0,33683.0,33683.0
mosquito,cxthand8sep2021no1.csv,86945,7,1,53459.0,53459.0,53459.0
mosquito,cxthand8sep2021no4.csv,84238,7,1,67238.0,67238.0,67238.0
mosquito,cxthand8sep2021no8.csv,71261,6,1,64274.0,64274.0,64274.0
mosquito,cxtonhand10nov2021no10.csv,64187,7,1,56025.0,56025.0,56025.0
mosquito,cxtonhand10nov2021no11.csv,171052,6,1,112875.0,112875.0,112875.0
mosquito,cxtonhand10nov2021no5.csv,80919,6,1,61445.0,61445.0,61445.0
mosquito,cxtonhand10nov2021no7.csv,51769,6,2,23071.0,23071.0,32356.3
mosquito,cxtonhand14dec2021no1.csv,72391,6,1,60310.0,60310.0,60310.0
mosquito,cxtonhand14jan2021no1.csv,149973,7,5,26793.2,21835.0,50734.6
mosquito,cxtonhand14jan2021no3.csv,78208,7,1,66259.0,66259.0,66259.0
mosquito,cxtonhand14jan2021no8.csv,37378,7,1,32091.0,32091.0,32091.0
mosquito,cxtonhand18nov2021no4.csv,50996,6,3,14307.0,9821.0,22478.6
mosquito,cxtonhand18nov2021no8.csv,118853,6,1,73815.0,73815.0,73815.0
mosquito,cxtonhand19nov2021no2b.csv,37509,7,1,24912.0,24912.0,24912.0
mosquito,cxtonhand19nov2021no5.csv,59677,7,1,41045.0,41045.0,41045.0
mosquito,cxtonhand19nov2021no7b.csv,83878,7,1,33965.0,33965.0,33965.0
mosquito,cxtonhand21oct2021no4.csv,75963,6,2,25521.5,25521.5,29390.15
mosquito,cxtonhand21oct2021no6b.csv,89294,6,1,34141.0,34141.0,34141.0
mosquito,cxtonhand21sep2021no8.csv,103128,6,1,58554.0,58554.0,58554.0
mosquito,cxtonhand22oct2021no7.csv,147883,6,2,66741.5,66741.5,116940.34999999999
mosquito,cxtonhand22sep2021no4.csv,171742,7,4,33408.25,10827.5,94273.04999999996
mosquito,cxtonhand22sep2021no6.csv,51988,6,1,24845.0,24845.0,24845.0
mosquito,cxtonhand22sep2021no7.csv,64168,7,1,45264.0,45264.0,45264.0
mosquito,cxtonhand22sep2021no8.csv,105466,6,2,42301.0,42301.0,57745.9
mosquito,cxtonhand22sep2021no9.csv,74803,6,1,57254.0,57254.0,57254.0
mosquito,cxtonhand24nov2021no12.csv,100880,7,1,88969.0,88969.0,88969.0
mosquito,cxtonhand24nov2021no9.csv,103042,6,2,26259.0,26259.0,48383.7
mosquito,cxtonhand27oct2021no9.csv,144775,6,1,104120.0,104120.0,104120.0
mosquito,cxtonhand30nov2021no1.csv,92186,6,1,69800.0,69800.0,69800.0
mosquito,cxtonhand30nov2021no6b.csv,45892,6,2,16807.5,16807.5,22605.75
mosquito,cxtonhand6dec2021no2.csv,70590,5,2,17222.5,17222.5,31548.25
mosquito,cxtonhand6dec2021no3.csv,81601,7,2,30922.5,30922.5,38943.75
mosquito,cxtonhand8dec2021no12.csv,58764,6,1,55226.0,55226.0,55226.0
mosquito,cxtonhand8dec2021no1b.csv,80868,6,1,13161.0,13161.0,13161.0
mosquito,cxtonhand8dec2021no2.csv,143601,6,1,51665.0,51665.0,51665.0
mosquito,cxtonhand8dec2021no3.csv,41035,6,1,38431.0,38431.0,38431.0
mosquito,cxtonhand8dec2021no5.csv,70512,6,1,42935.0,42935.0,42935.0
mosquito,cxtonhand8dec2021no7.csv,40507,6,1,36097.0,36097.0,36097.0
mosquito,cxtonhand8dec2021no9.csv,95502,6,2,35600.0,35600.0,40914.5
mosquito,cxtonhandkc22feb2022no2.csv,87112,5,1,32440.0,32440.0,32440.0
mosquito,cxtonhandkc22feb2022no6.csv,75202,6,1,24826.0,24826.0,24826.0
mosquito,cxtonhandkcage16feb2022no5.csv,126814,6,2,50215.0,50215.0,70072.59999999999
mosquito,cxtonhandkccage24feb2022no12b.csv,108874,5,2,36420.5,36420.5,60383.45
mosquito,cxtonhandkccage24feb2022no13.csv,49013,6,1,41336.0,41336.0,41336.0
mosquito,cxtonhandkccage24feb2022no14.csv,41297,7,1,28323.0,28323.0,28323.0
mosquito,cxtonhandkccage24feb2022no15.csv,131863,6,2,51413.5,51413.5,79112.34999999999
mosquito,cxtonhandkccage25feb2022no1.csv,74435,6,2,26463.5,26463.5,31907.149999999998
mosquito,cxtonhandkccage25feb2022no5.csv,106108,7,1,67628.0,67628.0,67628.0
mosquito,cxtonhandkccage25feb2022no6.csv,73928,6,1,46214.0,46214.0,46214.0
mosquito,cxtonhandkscage9mar2022no3.csv,97273,6,1,35091.0,35091.0,35091.0
mosquito,cxtonhandkscage9mar2022no5.csv,125586,7,1,119676.0,119676.0,119676.0
mosquito,cxtonhandkscage9mar2022no7.csv,344076,7,4,66394.0,32480.5,158258.24999999994
mosquito,handcxt17aug2021no2.csv,121177,6,2,42019.0,42019.0,42456.4
mosquito,handcxt20aug2021no6.csv,46779,6,1,38463.0,38463.0,38463.0
mosquito,handcxt23aug2021no6.csv,88000,6,1,65937.0,65937.0,65937.0
mosquito,handcxt23aug2021no8.csv,59978,6,2,22892.5,22892.5,42753.25
mosquito,handcxt3aug2021.csv,775133,6,1,54001.0,54001.0,54001.0
sharpshooter,sharpshooter_a01_labeled.parquet,3595782,9,26,37411.730769230766,6097.0,168185.5
sharpshooter,sharpshooter_a02_labeled.parquet,3800880,10,6,271735.0,1759.5,1214376.0
sharpshooter,sharpshooter_a03_labeled.parquet,3952335,8,6,147645.66666666666,6609.5,646252.5
sharpshooter,sharpshooter_a04_labeled.parquet,3600089,9,3,147455.66666666666,38313.0,354204.0
sharpshooter,sharpshooter_a05_labeled.parquet,3600089,1,0,,,
sharpshooter,sharpshooter_a06_labeled.parquet,3600007,1,0,,,
sharpshooter,sharpshooter_a07_labeled.parquet,3600001,2,2,15191.5,15191.5,23885.95
sharpshooter,sharpshooter_a082_labeled.parquet,3600001,2,1,24489.0,24489.0,24489.0
sharpshooter,sharpshooter_a088_labeled.parquet,3600010,9,3,866981.6666666666,10478.0,2329437.8
sharpshooter,sharpshooter_a09_labeled.parquet,3600007,4,4,53863.0,8806.5,168478.04999999993
sharpshooter,sharpshooter_a10_labeled.parquet,3600637,11,23,78184.43478260869,9662.0,280997.3
sharpshooter,sharpshooter_a11_labeled.parquet,3600003,13,8,387878.25,9428.0,1912246.1999999986
sharpshooter,sharpshooter_a12_labeled.parquet,3600007,10,3,912743.3333333334,583112.0,1552935.7999999998
sharpshooter,sharpshooter_a13_labeled.parquet,3599382,11,14,125180.42857142857,14852.5,540606.4499999997
sharpshooter,sharpshooter_a144_labeled.parquet,3600003,9,5,51196.0,30720.0,131512.8
sharpshooter,sharpshooter_a148_labeled.parquet,3600007,3,8,13835.625,8881.5,41655.94999999998
sharpshooter,sharpshooter_a15_labeled.parquet,3606646,12,18,40966.0,15496.5,123541.29999999981
sharpshooter,sharpshooter_a16_labeled.parquet,3600003,10,8,36361.0,13560.0,121056.94999999998
sharpshooter,sharpshooter_a17_labeled.parquet,3600001,1,0,,,
sharpshooter,sharpshooter_a192_labeled.parquet,3600001,13,53,48449.32075471698,9163.0,440191.8
sharpshooter,sharpshooter_b01_labeled.parquet,3654723,11,9,108931.22222222222,108026.0,278072.19999999995
sharpshooter,sharpshooter_b02_labeled.parquet,3600003,8,17,196959.70588235295,9291.0,785566.5999999992
sharpshooter,sharpshooter_b03_labeled.parquet,3600001,11,3,594685.3333333334,5854.0,1597562.4999999998
sharpshooter,sharpshooter_b04_labeled.parquet,3600564,13,10,337010.9,210263.0,1140113.3999999985
sharpshooter,sharpshooter_b05_labeled.parquet,3600001,13,24,135295.79166666666,6849.5,727459.2999999991
sharpshooter,sharpshooter_b06_labeled.parquet,3600064,13,3,144868.0,131032.0,279970.3
sharpshooter,sharpshooter_b07_labeled.parquet,3601505,11,34,28531.147058823528,9145.5,21233.05
sharpshooter,sharpshooter_b09_labeled.parquet,3600003,11,9,40556.333333333336,4272.0,199412.99999999988
sharpshooter,sharpshooter_b10_labeled.parquet,3600003,1,0,,,
sharpshooter,sharpshooter_b11_labeled.parquet,3600042,8,6,14473.0,14403.0,26855.25
sharpshooter,sharpshooter_b12_labeled.parquet,3600246,13,25,103968.12,6475.0,414590.3999999988
sharpshooter,sharpshooter_b13_labeled.parquet,3600003,12,9,29629.222222222223,10632.0,85408.59999999999
sharpshooter,sharpshooter_b15_labeled.parquet,3600007,11,5,55086.4,28602.0,146999.99999999997
sharpshooter,sharpshooter_b16_labeled.parquet,3741337,11,14,29107.928571428572,6967.5,126705.19999999992
sharpshooter,sharpshooter_b17_labeled.parquet,3600007,12,5,246842.2,154823.0,671061.3999999999
sharpshooter,sharpshooter_b184_labeled.parquet,3600003,12,14,49488.92857142857,14521.0,192890.64999999985
sharpshooter,sharpshooter_b188_labeled.parquet,3612510,13,13,257036.38461538462,45642.0,1210975.5999999961
sharpshooter,sharpshooter_b196_labeled.parquet,3600010,13,8,78501.25,10971.5,302049.94999999984
sharpshooter,sharpshooter_b202_labeled.parquet,3602744,12,31,80163.12903225806,7132.0,180111.5
sharpshooter,sharpshooter_b206_labeled.parquet,3605451,13,14,96344.5,7645.5,475470.75
sharpshooter,sharpshooter_b208_labeled.parquet,3624517,12,10,67992.7,22036.5,270862.3999999999
sharpshooter,sharpshooter_c01_labeled.parquet,3602753,5,4,12792.0,14976.5,18068.8
sharpshooter,sharpshooter_c02_labeled.parquet,3600001,1,0,,,
sharpshooter,sharpshooter_c03_labeled.parquet,3600001,1,0,,,
sharpshooter,sharpshooter_c046_labeled.parquet,3600001,2,1,6064.0,6064.0,6064.0
sharpshooter,sharpshooter_c048_labeled.parquet,3595685,2,2,3686.0,3686.0,5863.099999999999
sharpshooter,sharpshooter_c06_labeled.parquet,3623607,9,2,124507.0,124507.0,153805.6
sharpshooter,sharpshooter_c07_labeled.parquet,3576409,5,1,589108.0,589108.0,589108.0
sharpshooter,sharpshooter_c08_labeled.parquet,3600003,10,5,91474.2,8778.0,317280.39999999997
sharpshooter,sharpshooter_c09_labeled.parquet,3605191,12,2,515098.5,515098.5,907982.25
sharpshooter,sharpshooter_c10_labeled.parquet,3600564,10,4,510005.5,530545.5,951303.2999999999
sharpshooter,sharpshooter_c11_labeled.parquet,3600003,3,1,5266.0,5266.0,5266.0
sharpshooter,sharpshooter_c12_labeled.parquet,3599603,11,4,73826.5,45351.5,183752.84999999995
sharpshooter,sharpshooter_c13_labeled.parquet,3600012,8,1,79992.0,79992.0,79992.0
sharpshooter,sharpshooter_c14_labeled.parquet,3599996,11,8,386231.5,178845.0,1052222.5499999998
sharpshooter,sharpshooter_c15_labeled.parquet,3600005,8,8,29692.125,8212.5,110165.89999999995
sharpshooter,sharpshooter_c16_labeled.parquet,3600003,13,16,111030.25,20844.0,494114.25
sharpshooter,sharpshooter_c17_labeled.parquet,3600003,13,1,2494226.0,2494226.0,2494226.0
sharpshooter,sharpshooter_c182_labeled.parquet,3600014,11,4,659085.25,131208.0,2048474.6499999992
sharpshooter,sharpshooter_c186_labeled.parquet,3600001,9,1,2405937.0,2405937.0,2405937.0
sharpshooter,sharpshooter_c204_labeled.parquet,3600003,13,9,331216.0,67767.0,1423263.1999999995
sharpshooter,sharpshooter_d01_labeled.parquet,3600023,11,3,817428.6666666666,100273.0,2124765.4
sharpshooter,sharpshooter_d02_labeled.parquet,3600607,7,7,133886.42857142858,29056.0,562410.2999999995
sharpshooter,sharpshooter_d03_labeled.parquet,3612926,12,9,368889.77777777775,41215.0,1884889.9999999988
sharpshooter,sharpshooter_d056_labeled.parquet,3894560,12,4,938928.75,27373.5,3147646.3999999985
sharpshooter,sharpshooter_d058_labeled.parquet,3600314,13,4,295894.75,233029.5,673935.5499999999
sharpshooter,sharpshooter_d06_labeled.parquet,3600003,11,4,259799.25,10690.0,866316.8999999997
sharpshooter,sharpshooter_d07_labeled.parquet,3600000,13,4,373136.0,70208.5,1167261.9499999995
sharpshooter,sharpshooter_d08_labeled.parquet,3600012,13,10,218298.8,10680.0,1051636.0499999984
sharpshooter,sharpshooter_d09_labeled.parquet,3627051,10,6,146698.33333333334,23502.0,457942.0
sharpshooter,sharpshooter_d10_labeled.parquet,3600010,9,2,277540.0,277540.0,430180.89999999997
sharpshooter,sharpshooter_d11_labeled.parquet,3600005,10,4,439267.5,21702.0,1455829.4999999995
sharpshooter,sharpshooter_d12_labeled.parquet,3612891,12,11,246861.9090909091,30015.0,1211626.5
sharpshooter,sharpshooter_d13_labeled.parquet,3600080,12,11,89963.09090909091,16838.0,311802.5
sharpshooter,sharpshooter_d14_labeled.parquet,3600001,12,3,174776.0,89213.0,338684.0
sharpshooter,sharpshooter_d15_labeled.parquet,3600003,10,4,67338.5,34994.5,167515.19999999995
sharpshooter,sharpshooter_d16_labeled.parquet,3600001,10,4,752135.0,29611.5,2511136.899999999
sharpshooter,sharpshooter_d17_labeled.parquet,3600246,13,3,88427.0,64030.0,152566.59999999998
sharpshooter,sharpshooter_d194_labeled.parquet,3600007,8,4,40376.75,9707.5,120384.64999999995
sharpshooter,sharpshooter_d196_labeled.parquet,3600010,13,8,79089.75,10958.5,302047.64999999985
sharpshooter,sharpshooter_d198_labeled.parquet,3600001,11,7,174354.14285714287,97185.0,567737.4999999997
